Journal Name,Abbreviation,Subject Area,Scope,Keywords,Impact Factor,Submission Types,Open Access,URL,ISSN (Print),ISSN (Electronic),Description
Advanced Optical Technologies,Adv. Opt. Technol.,Life Sciences,Optical engineering and photonic technologies,Optics; Photonics; Optical engineering; Laser systems; Optical devices,3,Research Article; Review; Perspective,Yes,https://www.frontiersin.org/journals/advanced-optical-technologies,,2192-8584,An open-access journal publishing cutting-edge research in optical technologies and photonic engineering
Frontiers for Young Minds,Front. Young Minds,General / Young Minds,Science education and outreach for young audiences,Science education; STEM; Youth engagement; Scientific communication; Learning,,Review; Educational article,Yes,https://www.frontiersin.org/journals/young-minds,,2296-6846,A peer-reviewed open-access journal that makes science accessible to young readers through engaging articles written by researchers
Frontiers in Acoustics,Front. Acoust.,Life Sciences,Acoustic science and engineering,Acoustics; Sound engineering; Noise control; Audio systems; Vibration analysis,,Research Article; Review; Perspective,Yes,https://www.frontiersin.org/journals/acoustics,,2813-8082,Covers all aspects of acoustic science and engineering from fundamental research to practical applications
Frontiers in Adolescent Medicine,Front. Adolesc. Med.,Medicine & Health,Clinical care and research in adolescent health,Adolescent health; Pediatric medicine; Clinical practice; Mental health; Development,,Research Article; Review; Case Study,Yes,https://www.frontiersin.org/journals/adolescent-medicine,,2813-8589,Dedicated to advancing research and clinical practice in adolescent and young adult medicine
Frontiers in Aerospace Engineering,Front. Aerosp. Eng.,Engineering & Technology,Aerospace design and engineering,Aerospace; Flight dynamics; Aircraft design; Space systems; Propulsion,,Research Article; Review; Perspective,Yes,https://www.frontiersin.org/journals/aerospace-engineering,,2813-2831,Publishes research on aerospace systems including design control and operations
Frontiers in Aging,Front. Aging,Life Sciences,Aging biology and gerontology,Aging; Longevity; Age-related disease; Cellular aging; Senescence,4.3,Research Article; Review; Perspective,Yes,https://www.frontiersin.org/journals/aging,,2673-6217,An emerging leader in aging research covering biological cellular and systemic aspects of aging
Frontiers in Aging Neuroscience,Front. Aging Neurosci.,Life Sciences,Neuroscience of aging and age-related neurological conditions,Aging; Neurodegeneration; Cognitive aging; Dementia; Neuroprotection,4.5,Research Article; Review; Perspective,Yes,https://www.frontiersin.org/journals/aging-neuroscience,1663-4365,1663-4365,Explores the intersection of neuroscience and aging with research on age-related neurological changes and disorders
Frontiers in Agronomy,Front. Agron.,Life Sciences,Crop production and agricultural science,Agronomy; Crop science; Soil management; Plant breeding; Sustainable agriculture,4.1,Research Article; Review; Perspective,Yes,https://www.frontiersin.org/journals/agronomy,,2673-3218,Publishes research on crop production soil management and sustainable agricultural practices
Frontiers in Allergy,Front. Allergy,Medicine & Health,Allergic diseases and immunology,Allergy; Immunology; Food allergy; Asthma; Allergic reactions,3.1,Research Article; Review; Case Report,Yes,https://www.frontiersin.org/journals/allergy,,2673-6101,Focuses on allergic diseases immunological mechanisms and clinical management strategies
Frontiers in Amphibian and Reptile Science,Front. Amphib. Reptile Sci.,Life Sciences,Herpetology and amphibian/reptile biology,Herpetology; Amphibian conservation; Reptile biology; Biodiversity; Zoology,,Research Article; Review; Perspective,Yes,https://www.frontiersin.org/journals/amphibian-and-reptile-science,,2813-6780,Dedicated to research on amphibians and reptiles including conservation ecology and biology
Frontiers in Analytical Science,Front. Anal. Sci.,Engineering & Technology,Analytical chemistry and laboratory methods,Analytical chemistry; Chromatography; Mass spectrometry; Analytical methods; Detection,1.9,Research Article; Review; Methodology,Yes,https://www.frontiersin.org/journals/analytical-science,,2673-9283,Covers analytical techniques and methods for chemical and biochemical analysis
Frontiers in Anesthesiology,Front. Anesthesiol.,Medicine & Health,Anesthesia and perioperative medicine,Anesthesia; Anesthetics; Pain management; Perioperative care; Clinical anesthesia,,Research Article; Review; Case Report,Yes,https://www.frontiersin.org/journals/anesthesiology,,2813-480X,Publishes research and clinical advances in anesthesia and perioperative medicine
Frontiers in Animal Science,Front. Anim. Sci.,Life Sciences,Animal biology and agricultural science,Animal science; Livestock; Animal behavior; Zootechnology; Animal welfare,2.4,Research Article; Review; Perspective,Yes,https://www.frontiersin.org/journals/animal-science,,2673-6225,Covers all aspects of animal science from production to behavior and welfare
Frontiers in Antennas and Propagation,Front. Antennas Propag.,Engineering & Technology,Antenna design and electromagnetic wave propagation,Antennas; Electromagnetics; Signal propagation; Wireless communication; RF engineering,,Research Article; Review; Perspective,Yes,https://www.frontiersin.org/journals/antennas-and-propagation,,2813-4680,Focuses on antenna design and electromagnetic wave propagation for communications
Frontiers in Antibiotics,Front. Antibiot.,Life Sciences,Antimicrobial agents and antibiotic resistance,Antibiotics; Antimicrobial resistance; Drug development; Infectious disease; Microbiology,,Research Article; Review; Perspective,Yes,https://www.frontiersin.org/journals/antibiotics,,2813-2467,Addresses antibiotic development resistance mechanisms and clinical applications
Frontiers in Applied Mathematics and Statistics,Front. Appl. Math. Stat.,Engineering & Technology,Applied mathematics and statistical methods,Mathematics; Statistics; Computational methods; Mathematical modeling; Data analysis,1.5,Research Article; Review; Methodology,Yes,https://www.frontiersin.org/journals/applied-mathematics-and-statistics,,2297-4687,Publishes mathematical and statistical methods with applications across disciplines
Frontiers in Aquaculture,Front. Aquac.,Life Sciences,Fish farming and aquatic organism cultivation,Aquaculture; Fish farming; Aquatic breeding; Sustainable aquaculture; Seafood production,,Research Article; Review; Perspective,Yes,https://www.frontiersin.org/journals/aquaculture,,2813-5334,Covers all aspects of aquaculture including production sustainability and disease management
Frontiers in Arachnid Science,Front. Arachn. Sci.,Life Sciences,Spider and arachnid research,Arachnids; Spiders; Mites; Toxicology; Behavior; Evolution,,Research Article; Review; Perspective,Yes,https://www.frontiersin.org/journals/arachnid-science,,2813-5083,Dedicated to research on arachnids including biology ecology and venom science
Frontiers in Artificial Intelligence,Front. Artif. Intell.,Engineering & Technology,Artificial intelligence and machine learning,Artificial intelligence; Machine learning; Deep learning; Neural networks; AI applications,4.7,Research Article; Review; Perspective,Yes,https://www.frontiersin.org/journals/artificial-intelligence,,2624-8212,A leading journal in AI research covering theory applications and societal impacts
Frontiers in Astronomy and Space Sciences,Front. Astron. Space Sci.,Engineering & Technology,Astronomy astrophysics and space science,Astronomy; Astrophysics; Space science; Cosmology; Observational astronomy,2.6,Research Article; Review; Perspective,Yes,https://www.frontiersin.org/journals/astronomy-and-space-sciences,,2296-987X,Publishes research in astronomy space science and related observational studies
Frontiers in Audiology and Otology,Front. Audiol. Otol.,Medicine & Health,Hearing and ear disorders,Audiology; Otology; Hearing loss; Vestibular disorders; Ear disease; Cochlear implants,,Research Article; Review; Case Report,Yes,https://www.frontiersin.org/journals/audiology-and-otology,,2813-6055,Covers hearing research and clinical otology including auditory rehabilitation
Frontiers in Bacteriology,Front. Bacteriol.,Life Sciences,Bacterial research and microbiology,Bacteriology; Microbiology; Bacterial physiology; Pathogenesis; Bacterial genetics,,Research Article; Review; Perspective,Yes,https://www.frontiersin.org/journals/bacteriology,,2813-6144,Focuses on bacterial biology including genetics physiology and pathogenesis
Frontiers in Batteries and Electrochemistry,Front. Batter. Electrochem.,Engineering & Technology,Battery technology and electrochemical systems,Batteries; Electrochemistry; Energy storage; Fuel cells; Battery materials,,Research Article; Review; Perspective,Yes,https://www.frontiersin.org/journals/batteries-and-electrochemistry,,2813-4974,Covers battery technology electrochemical processes and energy storage solutions
Frontiers in Bee Science,Front. Bee Sci.,Life Sciences,Apiology and bee research,Apiology; Bee biology; Honey bee; Pollination; Entomology; Bee health,,Research Article; Review; Perspective,Yes,https://www.frontiersin.org/journals/bee-science,,2813-5911,Dedicated to research on bee biology ecology and health including pollination services
Frontiers in Behavioral Economics,Front. Behav. Econ.,Social Sciences & Humanities,Behavioral and experimental economics,Behavioral economics; Economic behavior; Decision making; Game theory; Experimental economics,,Research Article; Review; Perspective,Yes,https://www.frontiersin.org/journals/behavioral-economics,,2813-5296,Explores economic behavior and decision-making with behavioral and experimental approaches
Frontiers in Behavioral Neuroscience,Front. Behav. Neurosci.,Life Sciences,Behavioral and neural mechanisms,Behavioral neuroscience; Neurobiology of behavior; Animal behavior; Behavioral pharmacology; Neural circuits,2.9,Research Article; Review; Perspective,Yes,https://www.frontiersin.org/journals/behavioral-neuroscience,,1662-5153,Examines neural mechanisms underlying behavior and the effects of drugs on behavior
Frontiers in Big Data,Front. Big Data,Engineering & Technology,Big data analytics and processing,Big data; Data science; Analytics; Data mining; Machine learning; Computational methods,2.3,Research Article; Review; Methodology,Yes,https://www.frontiersin.org/journals/big-data,,2624-909X,Publishes research on big data analytics methods and applications across domains
Frontiers in Bioengineering and Biotechnology,Front. Bioeng. Biotechnol.,Engineering & Technology,Bioengineering and biotechnology applications,Bioengineering; Biotechnology; Tissue engineering; Genetic engineering; Bioproducts,4.8,Research Article; Review; Perspective,Yes,https://www.frontiersin.org/journals/bioengineering-and-biotechnology,,2296-4185,A leader in bioengineering research covering tissue engineering and bioproducts
Frontiers in Bioinformatics,Front. Bioinform.,Life Sciences,Computational biology and bioinformatics,Bioinformatics; Computational biology; Genomics; Systems biology; Sequence analysis,3.9,Research Article; Review; Methodology,Yes,https://www.frontiersin.org/journals/bioinformatics,,2673-7647,Covers computational and informatic approaches to biological research
Frontiers in Biomaterials Science,Front. Biomater. Sci.,Engineering & Technology,Biomaterial design and applications,Biomaterials; Materials science; Biocompatibility; Tissue engineering; Polymer science,,Research Article; Review; Perspective,Yes,https://www.frontiersin.org/journals/biomaterials-science,,2813-3749,Focuses on biomaterial development for medical and biotechnology applications
Frontiers in Biophysics,Front. Biophys.,Engineering & Technology,Biophysical research and molecular physics,Biophysics; Molecular physics; Protein structure; Biochemistry; Biophysical methods,,Research Article; Review; Perspective,Yes,https://www.frontiersin.org/journals/biophysics,,2813-7183,Covers biophysical research including molecular structure and dynamics
Frontiers in Bird Science,Front. Bird Sci.,Life Sciences,Ornithology and avian research,Ornithology; Bird biology; Avian ecology; Bird behavior; Conservation; Zoology,,Research Article; Review; Perspective,Yes,https://www.frontiersin.org/journals/bird-science,,2813-3870,Dedicated to research on birds including ecology behavior and conservation
Frontiers in Blockchain,Front. Blockchain,Engineering & Technology,Blockchain technology and applications,Blockchain; Cryptocurrency; Distributed ledger; Smart contracts; Cryptography; Applications,2.4,Research Article; Review; Perspective,Yes,https://www.frontiersin.org/journals/blockchain,,2624-7852,Explores blockchain technology applications and decentralized systems
Frontiers in Built Environment,Front. Built Environ.,Engineering & Technology,Architecture and built environment design,Architecture; Urban design; Building design; Sustainable buildings; Construction,2.7,Research Article; Review; Perspective,Yes,https://www.frontiersin.org/journals/built-environment,,2297-3362,Covers research on architectural design sustainable buildings and urban planning
Frontiers in Cancer Control and Society,Front. Cancer Control Soc.,Medicine & Health,Cancer prevention and public health,Cancer control; Oncology; Public health; Prevention; Health policy; Health disparities,,Research Article; Review; Perspective,Yes,https://www.frontiersin.org/journals/cancer-control-and-society,,2813-835X,Addresses cancer prevention control and societal aspects of cancer care
Frontiers in Carbon,Front. Carbon,Engineering & Technology,Carbon materials and carbon-based technologies,Carbon; Graphene; Carbon composites; Carbon capture; Materials; Nanotechnology,,Research Article; Review; Perspective,Yes,https://www.frontiersin.org/journals/carbon,,2813-4192,Focuses on carbon materials including graphene and carbon-based nanotechnologies
Frontiers in Cardiovascular Medicine,Front. Cardiovasc. Med.,Medicine & Health,Cardiovascular disease research and treatment,Cardiovascular; Cardiology; Heart disease; Hypertension; Vascular biology; Cardiac surgery,2.9,Research Article; Review; Case Report,Yes,https://www.frontiersin.org/journals/cardiovascular-medicine,,2297-055X,Covers cardiovascular disease research from basic science to clinical applications
Frontiers in Catalysis,Front. Catal.,Engineering & Technology,Catalytic chemistry and processes,Catalysis; Chemical reactions; Materials catalysis; Industrial applications; Green chemistry,,Research Article; Review; Perspective,Yes,https://www.frontiersin.org/journals/catalysis,,2673-7841,Publishes research on catalytic materials and processes for chemical reactions
Frontiers in Cell and Developmental Biology,Front. Cell Dev. Biol.,Life Sciences,Cell and developmental biology,Developmental biology; Cell biology; Embryogenesis; Morphogenesis; Cell differentiation,4.3,Research Article; Review; Perspective,Yes,https://www.frontiersin.org/journals/cell-and-developmental-biology,,2296-634X,A leader in developmental and cell biology research covering embryonic development
Frontiers in Cell Death,Front. Cell Death,Life Sciences,Cell death mechanisms and apoptosis,Apoptosis; Necrosis; Autophagy; Cell death pathways; Programmed cell death,,Research Article; Review; Perspective,Yes,https://www.frontiersin.org/journals/cell-death,,2813-5563,Focuses on different forms of programmed cell death and their regulation
Frontiers in Cellular and Infection Microbiology,Front. Cell. Infect. Microbiol.,Medicine & Health,Cellular microbiology and infection research,Microbiology; Infection; Cellular immunity; Pathogenesis; Immune response,4.8,Research Article; Review; Case Report,Yes,https://www.frontiersin.org/journals/cellular-and-infection-microbiology,,2235-2988,Covers cellular and molecular aspects of microbial infections
Frontiers in Cellular Neuroscience,Front. Cell. Neurosci.,Life Sciences,Cellular and molecular neuroscience,Cellular neuroscience; Neurobiology; Synaptic plasticity; Neuronal signaling; Molecular neuroscience,4,Research Article; Review; Perspective,Yes,https://www.frontiersin.org/journals/cellular-neuroscience,,1662-5102,Examines cellular and molecular mechanisms of neuronal function
Frontiers in Ceramics,Front. Ceram.,Engineering & Technology,Ceramic materials and technology,Ceramics; Ceramic materials; Pottery; Glass; Sintering; Materials processing,,Research Article; Review; Perspective,Yes,https://www.frontiersin.org/journals/ceramics,,2813-611X,Covers ceramic material development manufacturing and applications
Frontiers in Chemical Biology,Front. Chem. Biol.,Engineering & Technology,Chemical approaches to biology,Chemical biology; Synthetic biology; Medicinal chemistry; Drug discovery; Chemical methods,,Research Article; Review; Perspective,Yes,https://www.frontiersin.org/journals/chemical-biology,,2813-530X,Applies chemical approaches to understand and manipulate biological systems
Frontiers in Chemical Engineering,Front. Chem. Eng.,Engineering & Technology,Chemical engineering and processes,Chemical engineering; Process engineering; Reactor design; Unit operations; Separation; Energy,2.6,Research Article; Review; Perspective,Yes,https://www.frontiersin.org/journals/chemical-engineering,,2673-2718,Publishes chemical engineering research including reactor design and process optimization
Frontiers in Chemistry,Front. Chem.,Engineering & Technology,General chemistry and chemical research,Chemistry; Organic chemistry; Inorganic chemistry; Physical chemistry; Chemical reactions,4.2,Research Article; Review; Perspective,Yes,https://www.frontiersin.org/journals/chemistry,,2296-2646,A broad chemistry journal covering all major chemistry subdisciplines
Frontiers in Child and Adolescent Psychiatry,Front. Child Adolesc. Psychiatry,Medicine & Health,Psychiatry and mental health in children and adolescents,Psychiatry; Mental health; Child psychology; Adolescent mental health; Behavioral disorders,,Research Article; Review; Case Report,Yes,https://www.frontiersin.org/journals/child-and-adolescent-psychiatry,,2813-4540,Focuses on mental health and psychiatric disorders in pediatric and adolescent populations
Frontiers in Climate,Front. Clim.,Environment & Sustainability,Climate science and climate change,Climate change; Climate science; Global warming; Atmospheric science; Climate modeling,4.1,Research Article; Review; Perspective,Yes,https://www.frontiersin.org/journals/climate,,2624-9553,Publishes research on climate science and the impacts of climate change
Frontiers in Clinical Diabetes and Healthcare,Front. Clin. Diabetes Healthc.,Medicine & Health,Diabetes management and clinical care,Diabetes; Metabolic disease; Endocrinology; Clinical management; Patient care,2.2,Research Article; Review; Case Report,Yes,https://www.frontiersin.org/journals/clinical-diabetes-and-healthcare,,2673-6616,Covers clinical aspects of diabetes management and treatment
Frontiers in Coatings Dyes and Interface Engineering,Front. Coat. Dyes Interface Eng.,Engineering & Technology,Surface coatings and dye technology,Coatings; Dyes; Surface engineering; Interface science; Paint; Adhesion,,Research Article; Review; Perspective,Yes,https://www.frontiersin.org/journals/coatings-dyes-and-interface-engineering,,2813-6861,Focuses on coating materials dye chemistry and interface phenomena
Frontiers in Cognition,Front. Cognit.,Life Sciences,Cognitive science and brain function,Cognitive science; Cognition; Brain function; Learning; Memory; Information processing,,Research Article; Review; Perspective,Yes,https://www.frontiersin.org/journals/cognition,,2813-4532,Explores cognitive processes and brain mechanisms underlying human cognition
Frontiers in Communication,Front. Commun.,Social Sciences & Humanities,Communication studies and research,Communication; Media studies; Journalism; Public relations; Speech communication,1.6,Research Article; Review; Perspective,Yes,https://www.frontiersin.org/journals/communication,,2297-900X,Covers communication research including media journalism and public communication
Frontiers in Communications and Networks,Front. Commun. Netw.,Engineering & Technology,Telecommunications and network engineering,Telecommunications; Network engineering; Wireless networks; Communication systems; Signal processing,2.4,Research Article; Review; Perspective,Yes,https://www.frontiersin.org/journals/communications-and-networks,,2673-530X,Publishes telecommunications and networking research
Frontiers in Complex Systems,Front. Complex Syst.,Engineering & Technology,Complex systems theory and applications,Complex systems; Systems theory; Network science; Complexity; Nonlinear dynamics,,Research Article; Review; Perspective,Yes,https://www.frontiersin.org/journals/complex-systems,,2813-6187,Covers theoretical and applied aspects of complex adaptive systems
Frontiers in Computational Neuroscience,Front. Comput. Neurosci.,Life Sciences,Computational modeling of neural systems,Computational neuroscience; Neural simulation; Mathematical models; Brain modeling; Algorithms,2.3,Research Article; Review; Methodology,Yes,https://www.frontiersin.org/journals/computational-neuroscience,,1662-5195,Publishes computational approaches to neuroscience including neural models
Frontiers in Computer Science,Front. Comput. Sci.,Engineering & Technology,Computer science and computing,Computer science; Algorithms; Software engineering; Computing; Data structures,2.7,Research Article; Review; Perspective,Yes,https://www.frontiersin.org/journals/computer-science,,2624-9898,Covers broad areas of computer science and computational methods
Frontiers in Conservation Science,Front. Conserv. Sci.,Life Sciences,Conservation biology and environmental protection,Conservation; Biodiversity; Ecology; Environmental protection; Species preservation,1.8,Research Article; Review; Perspective,Yes,https://www.frontiersin.org/journals/conservation-science,,2673-611X,Publishes research on conservation strategies and biodiversity protection
Frontiers in Control Engineering,Front. Control Eng.,Engineering & Technology,Control theory and engineering,Control systems; Automation; Robotics control; Feedback systems; Process control,,Research Article; Review; Perspective,Yes,https://www.frontiersin.org/journals/control-engineering,,2673-6268,Covers control theory and engineering applications in automation
Frontiers in Dementia,Front. Dement.,Medicine & Health,Dementia research and care,Dementia; Alzheimer's disease; Neurodegenerative diseases; Cognitive decline; Aging,,Research Article; Review; Case Report,Yes,https://www.frontiersin.org/journals/dementia,,2813-3919,Focuses on dementia including Alzheimer's disease and neurodegenerative conditions
Frontiers in Dental Medicine,Front. Dent. Med.,Medicine & Health,Dentistry and oral health,Dentistry; Oral health; Dental medicine; Periodontics; Prosthodontics; Oral surgery,1.8,Research Article; Review; Case Report,Yes,https://www.frontiersin.org/journals/dental-medicine,,2673-4915,Covers dental medicine research and clinical practice
Frontiers in Detector Science and Technology,Front. Detect. Sci. Technol.,Engineering & Technology,Detection technology and sensors,Detector science; Sensors; Detection systems; Measurement; Physics detectors,,Research Article; Review; Perspective,Yes,https://www.frontiersin.org/journals/detector-science-and-technology,,2813-8031,Publishes research on detection systems and sensor technology
Frontiers in Developmental Psychology,Front. Dev. Psychol.,Life Sciences,Child and lifespan development psychology,Developmental psychology; Child development; Lifespan development; Cognitive development; Learning,,Research Article; Review; Perspective,Yes,https://www.frontiersin.org/journals/developmental-psychology,,2813-7779,Covers psychological development across the lifespan
Frontiers in Digital Health,Front. Digit. Health,Medicine & Health,Digital health and telemedicine,Digital health; Telemedicine; E-health; Health informatics; Mobile health; Health technology,3.8,Research Article; Review; Perspective,Yes,https://www.frontiersin.org/journals/digital-health,,2673-253X,Covers digital health technologies and telemedicine applications
Frontiers in Disaster and Emergency Medicine,Front. Disaster Emerg. Med.,Medicine & Health,Emergency medicine and disaster response,Emergency medicine; Disaster medicine; Trauma; Emergency care; Crisis management,,Research Article; Review; Case Report,Yes,https://www.frontiersin.org/journals/disaster-and-emergency-medicine,,2813-7302,Focuses on emergency medical care and disaster medicine
Frontiers in Drug Delivery,Front. Drug Deliv.,Life Sciences,Drug delivery systems and methods,Drug delivery; Pharmaceutical delivery; Controlled release; Bioavailability; Drug administration,,Research Article; Review; Methodology,Yes,https://www.frontiersin.org/journals/drug-delivery,2674-0850,2674-0850,Covers novel drug delivery systems and pharmaceutical technologies
Frontiers in Drug Discovery,Front. Drug Discov.,Life Sciences,Drug discovery and development,Drug discovery; Pharmacology; Drug development; Screening; High-throughput screening,,Research Article; Review; Perspective,Yes,https://www.frontiersin.org/journals/drug-discovery,2674-0338,2674-0338,Publishes drug discovery research and development strategies
Frontiers in Drug Safety and Regulation,Front. Drug Saf. Regul.,Life Sciences,Pharmaceutical safety and regulation,Drug safety; Pharmacovigilance; Toxicology; Regulatory affairs; Clinical trials,,Research Article; Review; Perspective,Yes,https://www.frontiersin.org/journals/drug-safety-and-regulation,,2674-0869,Covers pharmaceutical safety pharmacovigilance and regulatory aspects
Frontiers in Earth Science,Front. Earth Sci.,Engineering & Technology,Geology and earth sciences,Geology; Geosciences; Earth science; Planetary science; Geochemistry; Geophysics,2,Research Article; Review; Perspective,Yes,https://www.frontiersin.org/journals/earth-science,,2296-6463,Publishes research in geology and earth sciences
Frontiers in Ecology and Evolution,Front. Ecol. Evol.,Life Sciences,Ecology evolution and conservation,Ecology; Evolution; Population biology; Evolutionary biology; Biodiversity,2.6,Research Article; Review; Perspective,Yes,https://www.frontiersin.org/journals/ecology-and-evolution,,2296-701X,Covers ecological and evolutionary research including conservation topics
Frontiers in Education,Front. Educ.,Social Sciences & Humanities,Educational research and practice,Education; Pedagogy; Learning sciences; Educational technology; Curriculum,1.9,Research Article; Review; Perspective,Yes,https://www.frontiersin.org/journals/education,,2504-284X,Publishes educational research and innovations in teaching and learning
Frontiers in Electronic Materials,Front. Electron. Mater.,Engineering & Technology,Electronic materials and devices,Electronic materials; Semiconductors; Materials for electronics; Device physics; Nanotechnology,,Research Article; Review; Perspective,Yes,https://www.frontiersin.org/journals/electronic-materials,,2673-9895,Covers materials science for electronic and optoelectronic applications
Frontiers in Electronics,Front. Electron.,Engineering & Technology,Electronics and electronic engineering,Electronics; Electronic circuits; Semiconductors; Circuit design; Electronic systems,2.1,Research Article; Review; Perspective,Yes,https://www.frontiersin.org/journals/electronics,,2673-5857,Publishes research in electronics and electronic engineering
Frontiers in Endocrinology,Front. Endocrinol.,Medicine & Health,Endocrinology and hormonal diseases,Endocrinology; Hormones; Endocrine disorders; Diabetes; Thyroid disease; Metabolism,4.6,Research Article; Review; Case Report,Yes,https://www.frontiersin.org/journals/endocrinology,,1664-2392,A leader in endocrinology research covering hormonal diseases
Frontiers in Energy Efficiency,Front. Energy Effic.,Engineering & Technology,Energy efficiency and conservation,Energy efficiency; Energy conservation; Sustainable energy; Building efficiency; Energy management,,Research Article; Review; Perspective,Yes,https://www.frontiersin.org/journals/energy-efficiency,,2813-6799,Focuses on energy efficiency solutions and sustainable energy practices
Frontiers in Energy Research,Front. Energy Res.,Engineering & Technology,Energy science and technology,Energy; Renewable energy; Fossil fuels; Energy systems; Power generation; Energy storage,2.4,Research Article; Review; Perspective,Yes,https://www.frontiersin.org/journals/energy-research,,2296-598X,Covers energy research including renewable and sustainable energy technologies
Frontiers in Environmental Archaeology,Front. Environ. Archaeol.,Social Sciences & Humanities,Environmental archaeology and ancient environments,Archaeology; Environmental science; Paleontology; Ancient environments; Archaeological methods,,Research Article; Review; Perspective,Yes,https://www.frontiersin.org/journals/environmental-archaeology,,2813-432X,Explores environmental approaches to archaeology and ancient history
Frontiers in Environmental Chemistry,Front. Environ. Chem.,Engineering & Technology,Environmental chemistry and pollution,Environmental chemistry; Water chemistry; Air quality; Pollution; Environmental processes,1.9,Research Article; Review; Perspective,Yes,https://www.frontiersin.org/journals/environmental-chemistry,,2673-4486,Covers chemical processes in the environment and pollution control
Frontiers in Environmental Economics,Front. Environ. Econ.,Social Sciences & Humanities,Environmental economics and sustainability,Environmental economics; Green economy; Sustainability; Economic policy; Resource management,,Research Article; Review; Perspective,Yes,https://www.frontiersin.org/journals/environmental-economics,,2813-2823,Publishes research on economic aspects of environmental management
Frontiers in Environmental Engineering,Front. Environ. Eng.,Engineering & Technology,Environmental engineering and remediation,Environmental engineering; Water treatment; Waste management; Pollution control; Remediation,,Research Article; Review; Perspective,Yes,https://www.frontiersin.org/journals/environmental-engineering,,2813-5067,Covers environmental engineering solutions for pollution and waste
Frontiers in Environmental Health,Front. Environ. Health,Medicine & Health,Environmental health and occupational health,Environmental health; Public health; Occupational health; Environmental toxicology; Health exposure,,Research Article; Review; Perspective,Yes,https://www.frontiersin.org/journals/environmental-health,,2813-558X,Focuses on environmental and occupational health impacts
Frontiers in Environmental Science,Front. Environ. Sci.,Life Sciences,Environmental science and sustainability,Environmental science; Sustainability; Ecology; Climate; Natural resources; Soil science,3.7,Research Article; Review; Perspective,Yes,https://www.frontiersin.org/journals/environmental-science,,2296-665X,A leader in environmental science and sustainability research
Frontiers in Epidemiology,Front. Epidemiol.,Medicine & Health,Epidemiology and disease transmission,Epidemiology; Disease epidemiology; Public health; Infectious disease; Disease modeling,,Research Article; Review; Perspective,Yes,https://www.frontiersin.org/journals/epidemiology,,2674-1199,Covers epidemiological research and public health applications
Frontiers in Epigenetics and Epigenomics,Front. Epigenet. Epigenom.,Life Sciences,Epigenetic regulation and genomics,Epigenetics; Gene regulation; DNA methylation; Chromatin; Genetic expression,,Research Article; Review; Perspective,Yes,https://www.frontiersin.org/journals/epigenetics-and-epigenomics,,2813-706X,Publishes research on epigenetic mechanisms and gene regulation
Frontiers in Ethology,Front. Ethol.,Life Sciences,Animal behavior and ethology,Ethology; Animal behavior; Behavioral biology; Social behavior; Comparative behavior,,Research Article; Review; Perspective,Yes,https://www.frontiersin.org/journals/ethology,,2813-5091,Focuses on animal behavior and behavioral ecology
Frontiers in Fish Science,Front. Fish Sci.,Life Sciences,Ichthyology and fish research,Ichthyology; Fish biology; Fisheries; Fish physiology; Aquatic biology,,Research Article; Review; Perspective,Yes,https://www.frontiersin.org/journals/fish-science,,2813-9097,Covers fish research including biology and fisheries science
Frontiers in Food Science and Technology,Front. Food Sci. Technol.,Life Sciences,Food science and technology,Food science; Food technology; Nutrition; Food safety; Food processing; Agriculture,,Research Article; Review; Perspective,Yes,https://www.frontiersin.org/journals/food-science-and-technology,,2674-1121,Publishes food science and technology research
Frontiers in Forests and Global Change,Front. For. Glob. Change,Environment & Sustainability,Forest science and global environmental change,Forestry; Forest ecology; Climate change; Biodiversity; Conservation; Environmental change,3.2,Research Article; Review; Perspective,Yes,https://www.frontiersin.org/journals/forests-and-global-change,,2624-893X,Addresses forest research in the context of global environmental change
Frontiers in Freshwater Science,Front. Freshw. Sci.,Life Sciences,Freshwater ecology and aquatic science,Freshwater science; Aquatic ecology; Limnology; Water resources; Freshwater biology,,Research Article; Review; Perspective,Yes,https://www.frontiersin.org/journals/freshwater-science,,2813-7124,Covers freshwater ecology and aquatic science research
Frontiers in Fuels,Front. Fuels,Engineering & Technology,Fuel science and biofuels,Fuels; Biofuels; Fossil fuels; Combustion; Energy; Alternative fuels,,Research Article; Review; Perspective,Yes,https://www.frontiersin.org/journals/fuels,,2813-6217,Publishes research on fuels including biofuels and combustion
Frontiers in Fungal Biology,Front. Fungal Biol.,Life Sciences,Mycology and fungal research,Mycology; Fungi; Fungal biology; Fungal diseases; Pathogenic fungi,3.8,Research Article; Review; Perspective,Yes,https://www.frontiersin.org/journals/fungal-biology,,2673-6128,Covers fungal biology including mycology and fungal diseases
Frontiers in Future Transportation,Front. Future Transp.,Environment & Sustainability,Transportation and mobility technologies,Transportation; Autonomous vehicles; Mobility; Electric vehicles; Smart transportation; Sustainability,1.5,Research Article; Review; Perspective,Yes,https://www.frontiersin.org/journals/future-transportation,,2673-5210,Addresses transportation technologies and sustainable mobility solutions
Frontiers in Gastroenterology,Front. Gastroenterol.,Medicine & Health,Gastroenterology and digestive health,Gastroenterology; Digestive disease; Hepatology; Endoscopy; GI disease; Nutrition,,Research Article; Review; Case Report,Yes,https://www.frontiersin.org/journals/gastroenterology,,2813-1169,Covers gastroenterological diseases and digestive health
Frontiers in Genetics,Front. Genet.,Life Sciences,Genetics and genetic research,Genetics; Genetic variation; Gene expression; Population genetics; Genomics; Inheritance,2.8,Research Article; Review; Perspective,Yes,https://www.frontiersin.org/journals/genetics,,1664-8021,Covers genetic research including molecular and population genetics
Frontiers in Genome Editing,Front. Genome Ed.,Life Sciences,Gene editing and genetic engineering,Gene editing; CRISPR; Genetic engineering; Molecular biology; Gene therapy,4.4,Research Article; Review; Perspective,Yes,https://www.frontiersin.org/journals/genome-editing,,2673-3439,Publishes research on genome editing technologies and applications
Frontiers in Geochemistry,Front. Geochem.,Engineering & Technology,Geochemistry and chemical geology,Geochemistry; Mineral chemistry; Elemental cycles; Rock composition; Earth processes,,Research Article; Review; Perspective,Yes,https://www.frontiersin.org/journals/geochemistry,,2813-5962,Covers geochemical processes and composition of geological materials
Frontiers in Global Women's Health,Front. Glob. Women's Health,Medicine & Health,Women's health and gender medicine,Women's health; Gynecology; Gender health; Reproductive health; Sex-specific medicine,2.4,Research Article; Review; Case Report,Yes,https://www.frontiersin.org/journals/global-womens-health,,2673-5059,Addresses women's health research from a global perspective
Frontiers in Health Services,Front. Health Serv.,Medicine & Health,Health services research and policy,Health services; Health policy; Healthcare delivery; Health systems; Public health policy,2.7,Research Article; Review; Perspective,Yes,https://www.frontiersin.org/journals/health-services,,2813-0146,Covers health services research and healthcare delivery
Frontiers in Hematology,Front. Hematol.,Medicine & Health,Hematology and blood diseases,Hematology; Blood diseases; Hemato-oncology; Coagulation; Transfusion; Blood cell,,Research Article; Review; Case Report,Yes,https://www.frontiersin.org/journals/hematology,,2813-3935,Publishes hematology research including blood disorders
Frontiers in High Performance Computing,Front. High Perform. Comput.,Engineering & Technology,High-performance computing and parallel processing,HPC; Computing; Parallel processing; Computational methods; Performance optimization,,Research Article; Review; Methodology,Yes,https://www.frontiersin.org/journals/high-performance-computing,,2813-7337,Covers high-performance computing and computational algorithms
Frontiers in Horticulture,Front. Hortic.,Life Sciences,Horticulture and plant cultivation,Horticulture; Plant cultivation; Crop production; Fruit and vegetable; Plant breeding,,Research Article; Review; Perspective,Yes,https://www.frontiersin.org/journals/horticulture,,2813-3595,Focuses on horticultural crop production and plant cultivation
Frontiers in Human Dynamics,Front. Hum. Dyn.,Social Sciences & Humanities,Human behavior and social dynamics,Human dynamics; Social interaction; Group behavior; Complexity; Networks; Interdisciplinary,1.3,Research Article; Review; Perspective,Yes,https://www.frontiersin.org/journals/human-dynamics,,2673-2726,Explores human behavior and social dynamics from interdisciplinary perspectives
Frontiers in Human Neuroscience,Front. Hum. Neurosci.,Life Sciences,Human neuroscience and brain research,Human neuroscience; Brain imaging; fMRI; Cognitive neuroscience; Neuroimaging,2.7,Research Article; Review; Perspective,Yes,https://www.frontiersin.org/journals/human-neuroscience,,1662-5161,Covers human neuroscience research including brain imaging studies
Frontiers in Imaging,Front. Imaging,Engineering & Technology,Medical and scientific imaging,Imaging; Medical imaging; Image analysis; Diagnostic imaging; Microscopy; Tomography,,Research Article; Review; Methodology,Yes,https://www.frontiersin.org/journals/imaging,,2813-3315,Publishes research on medical and scientific imaging technologies
Frontiers in Immunology,Front. Immunol.,Medicine & Health,Immunology and immune system research,Immunology; Immune system; Immunotherapy; Vaccines; Immunology; Inflammation,5.9,Research Article; Review; Perspective,Yes,https://www.frontiersin.org/journals/immunology,,1664-3224,A leader in immunology research covering immune mechanisms and applications
Frontiers in Industrial Engineering,Front. Ind. Eng.,Engineering & Technology,Industrial engineering and operations,Industrial engineering; Manufacturing; Operations; Process optimization; Production,,Research Article; Review; Perspective,Yes,https://www.frontiersin.org/journals/industrial-engineering,,2813-6047,Covers industrial engineering and manufacturing optimization
Frontiers in Industrial Microbiology,Front. Ind. Microbiol.,Life Sciences,Industrial microbiology and biotechnology,Industrial microbiology; Fermentation; Bioprocess; Microbial production; Biotechnology,,Research Article; Review; Perspective,Yes,https://www.frontiersin.org/journals/industrial-microbiology,,2813-7809,Publishes research on industrial microbiology and bioprocesses
Frontiers in Insect Science,Front. Insect Sci.,Life Sciences,Entomology and insect research,Entomology; Insect biology; Pest management; Insect behavior; Insect ecology,3,Research Article; Review; Perspective,Yes,https://www.frontiersin.org/journals/insect-science,,2673-8600,Covers insect research including biology pest management and ecology
Frontiers in Integrative Neuroscience,Front. Integr. Neurosci.,Life Sciences,Systems and integrative neuroscience,Systems neuroscience; Neural integration; Brain systems; Sensorimotor integration; Consciousness,2.9,Research Article; Review; Perspective,Yes,https://www.frontiersin.org/journals/integrative-neuroscience,,1662-5145,Explores integrative and systems-level neuroscience
Frontiers in Lab on a Chip Technologies,Front. Lab Chip Technol.,Engineering & Technology,Microfluidics and lab-on-chip devices,Microfluidics; Lab-on-chip; Diagnostic devices; Miniaturization; Biotechnology devices,,Research Article; Review; Methodology,Yes,https://www.frontiersin.org/journals/lab-on-a-chip-technologies,,2813-3862,Covers microfluidic and lab-on-chip technologies for diagnostics
Frontiers in Language Sciences,Front. Lang. Sci.,Life Sciences,Linguistics and language research,Linguistics; Language; Psycholinguistics; Neurolinguistics; Discourse; Syntax,,Research Article; Review; Perspective,Yes,https://www.frontiersin.org/journals/language-sciences,2813-4605,2813-4605,Publishes linguistic research on language cognition and communication
Frontiers in Lupus,Front. Lupus,Medicine & Health,Lupus and autoimmune research,Lupus; Autoimmune disease; Systemic lupus erythematosus; Immunology; Clinical management,,Research Article; Review; Case Report,Yes,https://www.frontiersin.org/journals/lupus,,2813-6934,Focuses on lupus and related autoimmune conditions
Frontiers in Malaria,Front. Malar.,Life Sciences,Malaria research and control,Malaria; Parasitology; Vector-borne disease; Tropical medicine; Disease control,,Research Article; Review; Perspective,Yes,https://www.frontiersin.org/journals/malaria,,2813-7396,Covers malaria research parasitology and disease control
Frontiers in Mammal Science,Front. Mamm. Sci.,Life Sciences,Mammalogy and mammal research,Mammalogy; Mammal biology; Zoology; Behavior; Conservation; Evolution,,Research Article; Review; Perspective,Yes,https://www.frontiersin.org/journals/mammal-science,,2813-4699,Publishes research on mammals including behavior ecology and conservation
Frontiers in Manufacturing Technology,Front. Manuf. Technol.,Engineering & Technology,Manufacturing and production technology,Manufacturing; Production; Automation; Industrial processes; Supply chain; Industry 4.0,,Research Article; Review; Perspective,Yes,https://www.frontiersin.org/journals/manufacturing-technology,,2813-0359,Covers manufacturing technologies and industrial automation
Frontiers in Marine Science,Front. Mar. Sci.,Life Sciences,Marine biology and ocean research,Marine science; Oceanography; Marine biology; Ocean ecology; Fisheries; Blue economy,3,Research Article; Review; Perspective,Yes,https://www.frontiersin.org/journals/marine-science,,2296-7745,A leader in marine science research including oceanography
Frontiers in Materials,Front. Mater.,Engineering & Technology,Materials science and engineering,Materials science; Materials engineering; Polymers; Composites; Mechanical properties,2.9,Research Article; Review; Perspective,Yes,https://www.frontiersin.org/journals/materials,,2296-8016,Covers materials science and engineering research
Frontiers in Mechanical Engineering,Front. Mech. Eng.,Engineering & Technology,Mechanical engineering and mechanics,Mechanical engineering; Mechanics; Machine design; Thermodynamics; Fluid mechanics,3,Research Article; Review; Perspective,Yes,https://www.frontiersin.org/journals/mechanical-engineering,,2297-3079,Publishes mechanical engineering research and design
Frontiers in Medical Engineering,Front. Med. Eng.,Engineering & Technology,Biomedical engineering and medical devices,Biomedical engineering; Medical devices; Clinical engineering; Rehabilitation engineering,,Research Article; Review; Perspective,Yes,https://www.frontiersin.org/journals/medical-engineering,,2813-687X,Covers biomedical engineering and medical device development
Frontiers in Medical Technology,Front. Med. Technol.,Engineering & Technology,Medical technology and healthcare innovation,Medical technology; Healthcare innovation; Diagnostic tools; Treatment devices; Health IT,3.8,Research Article; Review; Perspective,Yes,https://www.frontiersin.org/journals/medical-technology,,2673-3129,Publishes research on medical technologies and healthcare innovation
Frontiers in Medicine,Front. Med.,Medicine & Health,General medicine and clinical practice,Medicine; Clinical practice; Diagnosis; Treatment; Internal medicine; Patient care,3,Research Article; Review; Case Report,Yes,https://www.frontiersin.org/journals/medicine,,2296-858X,A broad medical journal covering clinical and translational research
Frontiers in Membrane Science and Technology,Front. Membr. Sci. Technol.,Engineering & Technology,Membrane technology and separation processes,Membranes; Separation; Filtration; Molecular sieving; Desalination; Water treatment,,Research Article; Review; Methodology,Yes,https://www.frontiersin.org/journals/membrane-science-and-technology,,2813-1010,Covers membrane science and separation technologies
Frontiers in Metals and Alloys,Front. Met. Alloy.,Engineering & Technology,Metallurgy and alloy science,Metallurgy; Metal science; Alloys; Steel; Corrosion; Metal processing,,Research Article; Review; Perspective,Yes,https://www.frontiersin.org/journals/metals-and-alloys,,2813-2459,Publishes research on metals alloys and metallurgical processes
Frontiers in Microbiology,Front. Microbiol.,Life Sciences,Microbiology and microbial research,Microbiology; Bacteriology; Virology; Mycology; Microbial ecology; Microbial genomics,4.5,Research Article; Review; Perspective,Yes,https://www.frontiersin.org/journals/microbiology,,1664-302X,A leader in microbiology research covering all microbial systems
Frontiers in Microbiomes,Front. Microbiomes,Life Sciences,Microbiome research and analysis,Microbiomes; Metagenomics; Microbiota; Microbial communities; Symbiosis,,Research Article; Review; Perspective,Yes,https://www.frontiersin.org/journals/microbiomes,,2813-4338,Focuses on microbiome research and microbial ecology
Frontiers in Molecular Biosciences,Front. Mol. Biosci.,Life Sciences,Molecular bioscience and biochemistry,Molecular biology; Biochemistry; Protein science; Molecular genetics; Structural biology,4,Research Article; Review; Perspective,Yes,https://www.frontiersin.org/journals/molecular-biosciences,,2296-889X,Covers molecular biology and biochemical research
Frontiers in Molecular Medicine,Front. Mol. Med.,Medicine & Health,Molecular medicine and translational research,Molecular medicine; Drug targets; Therapeutic targets; Translational research; Molecular pathology,,Research Article; Review; Perspective,Yes,https://www.frontiersin.org/journals/molecular-medicine,,2674-0095,Publishes molecular approaches to medicine and drug development
Frontiers in Molecular Neuroscience,Front. Mol. Neurosci.,Life Sciences,Molecular neuroscience and neurochemistry,Molecular neuroscience; Neurochemistry; Neurotransmitters; Molecular mechanisms; Brain chemistry,3.8,Research Article; Review; Perspective,Yes,https://www.frontiersin.org/journals/molecular-neuroscience,,1662-5099,Covers molecular and neurochemical aspects of neuroscience
Frontiers in Musculoskeletal Disorders,Front. Musculoskelet. Disord.,Medicine & Health,Orthopedics and musculoskeletal health,Orthopedics; Rheumatology; Joint disease; Bone health; Musculoskeletal conditions,,Research Article; Review; Case Report,Yes,https://www.frontiersin.org/journals/musculoskeletal-disorders,,2813-883X,Covers musculoskeletal disorders and orthopedic health
Frontiers in Nanotechnology,Front. Nanotechnol.,Engineering & Technology,Nanotechnology and nanoscience,Nanotechnology; Nanomaterials; Nanostructures; Nanotoxicology; Quantum effects,3.8,Research Article; Review; Perspective,Yes,https://www.frontiersin.org/journals/nanotechnology,,2673-3013,Publishes nanotechnology research including materials and applications
Frontiers in Natural Products,Front. Nat. Prod.,Engineering & Technology,Natural product chemistry and pharmacology,Natural products; Phytochemistry; Herbal medicine; Traditional medicine; Secondary metabolites,,Research Article; Review; Perspective,Yes,https://www.frontiersin.org/journals/natural-products,,2813-2602,Covers natural product research and plant-based therapies
Frontiers in Nephrology,Front. Nephrol.,Medicine & Health,Nephrology and kidney disease,Nephrology; Kidney disease; Renal disease; Dialysis; Transplantation; Urology,,Research Article; Review; Case Report,Yes,https://www.frontiersin.org/journals/nephrology,,2813-0626,Publishes nephrology research and kidney disease management
Frontiers in Network Physiology,Front. Netw. Physiol.,Life Sciences,Systems physiology and network biology,Systems physiology; Physiological networks; Integration; Complex physiology; Systems biology,3,Research Article; Review; Perspective,Yes,https://www.frontiersin.org/journals/network-physiology,2674-0109,2674-0109,Explores integrative physiological systems and network approaches
Frontiers in Neural Circuits,Front. Neural Circuits,Life Sciences,Neural circuit analysis and brain connectivity,Neural circuits; Brain connectivity; Neuronal networks; Circuit function; Connectomics,3,Research Article; Review; Perspective,Yes,https://www.frontiersin.org/journals/neural-circuits,,2296-9145,Covers neural circuit organization and function
Frontiers in Neuroanatomy,Front. Neuroanat.,Life Sciences,Neuroanatomy and brain structure,Neuroanatomy; Brain structure; Morphology; Anatomical mapping; Neural systems,2.3,Research Article; Review; Perspective,Yes,https://www.frontiersin.org/journals/neuroanatomy,,1662-5129,Publishes research on brain anatomy and neural organization
Frontiers in Neuroergonomics,Front. Neuroergonomics,Life Sciences,Neuroergonomics and human factors,Neuroergonomics; Human factors; Brain-computer interaction; Cognitive workload; User experience,1.9,Research Article; Review; Perspective,Yes,https://www.frontiersin.org/journals/neuroergonomics,,2673-6195,Covers neuroergonomic research on human performance
Frontiers in Neuroimaging,Front. Neuroimaging,Life Sciences,Neuroimaging techniques and brain mapping,Neuroimaging; Brain imaging; fMRI; PET; Brain mapping; Neuroimaging methods,,Research Article; Review; Methodology,Yes,https://www.frontiersin.org/journals/neuroimaging,,2813-1193,Publishes neuroimaging research and methodology
Frontiers in Neuroinformatics,Front. Neuroinform.,Life Sciences,Computational neuroscience and neuroinformatics,Neuroinformatics; Computational neuroscience; Data management; Bioinformatics; Neural databases,2.5,Research Article; Review; Methodology,Yes,https://www.frontiersin.org/journals/neuroinformatics,,1662-5196,Covers neuroinformatics and computational approaches to neuroscience
Frontiers in Neurology,Front. Neurol.,Medicine & Health,Neurology and neurological disorders,Neurology; Neurological disorders; Clinical neurology; Stroke; Epilepsy; Neurological disease,2.8,Research Article; Review; Case Report,Yes,https://www.frontiersin.org/journals/neurology,,1664-2295,Covers clinical neurology and neurological disease research
Frontiers in Neurorobotics,Front. Neurorobot.,Life Sciences,Neurorobotics and brain-machine interfaces,Neurorobotics; Brain-machine interface; Robotics; Neural control; Brain-computer interface,2.8,Research Article; Review; Perspective,Yes,https://www.frontiersin.org/journals/neurorobotics,,1662-6761,Publishes research on brain-controlled robotics and neural interfaces
Frontiers in Neuroscience,Front. Neurosci.,Life Sciences,General neuroscience and brain research,Neuroscience; Brain research; Neural function; Behavior; Brain disorders,3.2,Research Article; Review; Perspective,Yes,https://www.frontiersin.org/journals/neuroscience,1662-4548,1662-453X,A leader in neuroscience research covering all aspects of brain science
Frontiers in Nuclear Engineering,Front. Nucl. Eng.,Engineering & Technology,Nuclear energy and engineering,Nuclear engineering; Nuclear power; Reactor design; Nuclear materials; Nuclear technology,,Research Article; Review; Perspective,Yes,https://www.frontiersin.org/journals/nuclear-engineering,,2813-3412,Covers nuclear engineering and reactor technology
Frontiers in Nuclear Medicine,Front. Nucl. Med.,Medicine & Health,Nuclear medicine and molecular imaging,Nuclear medicine; Molecular imaging; PET; SPECT; Radiopharmaceuticals; Diagnostic imaging,1.4,Research Article; Review; Case Report,Yes,https://www.frontiersin.org/journals/nuclear-medicine,,2673-8880,Publishes nuclear medicine research and imaging applications
Frontiers in Nutrition,Front. Nutr.,Life Sciences,Nutrition science and dietary research,Nutrition; Dietetics; Food science; Nutritional biochemistry; Human nutrition,5.1,Research Article; Review; Perspective,Yes,https://www.frontiersin.org/journals/nutrition,,2296-861X,A leader in nutrition research including clinical and nutritional science
Frontiers in Ocean Sustainability,Front. Ocean Sustain.,Environment & Sustainability,Ocean science and sustainable ocean management,Oceanography; Marine conservation; Sustainable fisheries; Ocean resources; Blue economy,,Research Article; Review; Perspective,Yes,https://www.frontiersin.org/journals/ocean-sustainability,,2813-8287,Addresses ocean science and sustainable marine resource management
Frontiers in Oncology,Front. Oncol.,Medicine & Health,Oncology and cancer research,Oncology; Cancer; Tumor biology; Cancer treatment; Chemotherapy; Immunotherapy,3.3,Research Article; Review; Case Report,Yes,https://www.frontiersin.org/journals/oncology,,2234-943X,A leader in cancer research covering biology and treatment
Frontiers in Ophthalmology,Front. Ophthalmol.,Medicine & Health,Ophthalmology and eye disease,Ophthalmology; Eye disease; Vision; Optometry; Cornea; Retina,0.9,Research Article; Review; Case Report,Yes,https://www.frontiersin.org/journals/ophthalmology,,2674-0826,Covers ophthalmology and eye disease research
Frontiers in Oral Health,Front. Oral Health,Medicine & Health,Dentistry and oral medicine,Dentistry; Oral health; Periodontics; Oral surgery; Dental research,3.1,Research Article; Review; Perspective,Yes,https://www.frontiersin.org/journals/oral-health,,2673-4842,Publishes oral health research and dental science
Frontiers in Organizational Psychology,Front. Organ. Psychol.,Life Sciences,Organizational behavior and psychology,Organizational psychology; Management; Workplace behavior; Leadership; Human resources,,Research Article; Review; Perspective,Yes,https://www.frontiersin.org/journals/organizational-psychology,,2813-771X,Covers organizational behavior and workplace psychology
Frontiers in Pain Research,Front. Pain Res.,Medicine & Health,Pain science and pain management,Pain; Analgesia; Chronic pain; Neuropathic pain; Pain management; Neurobiology of pain,2.7,Research Article; Review; Case Report,Yes,https://www.frontiersin.org/journals/pain-research,,2673-561X,Covers pain science and clinical pain management
Frontiers in Parasitology,Front. Parasitol.,Life Sciences,Parasitology and parasite research,Parasitology; Parasites; Parasitic disease; Tropical medicine; Vector biology,,Research Article; Review; Perspective,Yes,https://www.frontiersin.org/journals/parasitology,,2813-2424,Publishes parasitology research and tropical disease studies
Frontiers in Pediatrics,Front. Pediatr.,Medicine & Health,Pediatrics and child health,Pediatrics; Child health; Neonatology; Child development; Pediatric disease; Maternal-fetal,2,Research Article; Review; Case Report,Yes,https://www.frontiersin.org/journals/pediatrics,,2296-2360,Covers pediatric medicine and child health research
Frontiers in Pharmacology,Front. Pharmacol.,Life Sciences,Pharmacology and drug research,Pharmacology; Drug action; Therapeutics; Neuropharmacology; Clinical pharmacology,4.8,Research Article; Review; Perspective,Yes,https://www.frontiersin.org/journals/pharmacology,,1663-9812,A leader in pharmacology research covering drug action and development
Frontiers in Photobiology,Front. Photobiol.,Life Sciences,Photobiology and light-organism interactions,Photobiology; Light effects; Photosynthesis; Biophotonics; Chronobiology,,Research Article; Review; Perspective,Yes,https://www.frontiersin.org/journals/photobiology,,2813-8228,Covers photobiology and effects of light on biological systems
Frontiers in Photonics,Front. Photonics,Engineering & Technology,Photonics and light engineering,Photonics; Photonic materials; Optical engineering; Laser technology; Light manipulation,,Research Article; Review; Perspective,Yes,https://www.frontiersin.org/journals/photonics,,2673-6853,Publishes photonics research and optical engineering
Frontiers in Physics,Front. Phys.,Engineering & Technology,Physics and physical science,Physics; Quantum physics; Classical mechanics; Particle physics; Condensed matter,2.1,Research Article; Review; Perspective,Yes,https://www.frontiersin.org/journals/physics,,2296-424X,Covers broad areas of physics from fundamental to applied
Frontiers in Physiology,Front. Physiol.,Life Sciences,Physiology and cellular function,Physiology; Cell physiology; Organ physiology; Homeostasis; Regulatory physiology,3.4,Research Article; Review; Perspective,Yes,https://www.frontiersin.org/journals/physiology,,1664-042X,A leader in physiology research covering cellular and systems physiology
Frontiers in Plant Physiology,Front. Plant Physiol.,Life Sciences,Plant physiology and plant stress,Plant physiology; Stress physiology; Plant-environment; Photosynthesis; Plant development,,Research Article; Review; Perspective,Yes,https://www.frontiersin.org/journals/plant-physiology,,2813-821X,Covers plant physiology and responses to environmental stress
Frontiers in Plant Science,Front. Plant Sci.,Life Sciences,Plant biology and agronomy,Plant science; Plant biology; Plant genetics; Crop improvement; Plant biotechnology,4.8,Research Article; Review; Perspective,Yes,https://www.frontiersin.org/journals/plant-science,,1664-462X,A leader in plant science covering genetics and agronomy
Frontiers in Political Science,Front. Polit. Sci.,Social Sciences & Humanities,Political science and international relations,Political science; Political theory; International relations; Policy; Governance,1.9,Research Article; Review; Perspective,Yes,https://www.frontiersin.org/journals/political-science,,2673-3145,Covers political science research and international relations
Frontiers in Protistology,Front. Protistol.,Life Sciences,Protist research and protozoology,Protistology; Protozoology; Protists; Parasitic protists; Protist ecology,,Research Article; Review; Perspective,Yes,https://www.frontiersin.org/journals/protistology,,2813-849X,Publishes research on protists and protozoology
Frontiers in Psychiatry,Front. Psychiatry,Medicine & Health,Psychiatry and mental health,Psychiatry; Mental health; Psychosis; Depression; Anxiety; Psychiatric disorder,3.2,Research Article; Review; Case Report,Yes,https://www.frontiersin.org/journals/psychiatry,,1664-0640,Covers psychiatric research and mental health disorders
Frontiers in Psychology,Front. Psychol.,Life Sciences,Psychology and behavioral science,Psychology; Behavior; Cognitive science; Emotional processes; Social psychology,2.9,Research Article; Review; Perspective,Yes,https://www.frontiersin.org/journals/psychology,,1664-1078,A leader in psychology research covering all psychology subdisciplines
Frontiers in Public Health,Front. Public Health,Medicine & Health,Public health and epidemiology,Public health; Epidemiology; Health policy; Preventive medicine; Health promotion,3.4,Research Article; Review; Perspective,Yes,https://www.frontiersin.org/journals/public-health,,2296-2565,A leader in public health research including epidemiology
Frontiers in Quantum Science and Technology,Front. Quantum Sci. Technol.,Engineering & Technology,Quantum science and engineering,Quantum physics; Quantum computing; Quantum information; Quantum technology,,Research Article; Review; Perspective,Yes,https://www.frontiersin.org/journals/quantum-science-and-technology,,2813-2181,Covers quantum science and emerging quantum technologies
Frontiers in Radiology,Front. Radiol.,Medicine & Health,Radiology and medical imaging,Radiology; Medical imaging; Diagnostic imaging; Radiography; Image interpretation,2.3,Research Article; Review; Case Report,Yes,https://www.frontiersin.org/journals/radiology,,2673-8740,Publishes radiology research and medical imaging applications
Frontiers in Rehabilitation Sciences,Front. Rehabil. Sci.,Medicine & Health,Rehabilitation and physical therapy,Rehabilitation; Physical therapy; Occupational therapy; Recovery; Functional restoration,1.9,Research Article; Review; Perspective,Yes,https://www.frontiersin.org/journals/rehabilitation-sciences,,2673-6861,Covers rehabilitation medicine and physical therapy research
Frontiers in Remote Sensing,Front. Remote Sens.,Engineering & Technology,Remote sensing and earth observation,Remote sensing; Satellite imagery; Earth observation; Geospatial analysis; Image processing,3.7,Research Article; Review; Perspective,Yes,https://www.frontiersin.org/journals/remote-sensing,,2673-6187,Publishes remote sensing and geospatial research
Frontiers in Reproductive Health,Front. Reprod. Health,Medicine & Health,Reproductive health and fertility,Reproductive health; Fertility; Obstetrics; Gynecology; Reproduction; Family planning,2.9,Research Article; Review; Perspective,Yes,https://www.frontiersin.org/journals/reproductive-health,,2673-3153,Covers reproductive health and fertility research
Frontiers in Research Metrics and Analytics,Front. Res. Metr. Anal.,Social Sciences & Humanities,Bibliometrics and research evaluation,Bibliometrics; Research assessment; Scientometrics; Citation analysis; Research metrics,1.6,Research Article; Review; Methodology,Yes,https://www.frontiersin.org/journals/research-metrics-and-analytics,,2504-0537,Publishes research on research evaluation and bibliometrics
Frontiers in RNA Research,Front. RNA Res.,Life Sciences,RNA biology and molecular research,RNA; Gene expression; RNA function; RNA pathways; RNA therapeutics,,Research Article; Review; Perspective,Yes,https://www.frontiersin.org/journals/rna-research,,2813-7116,Covers RNA biology and RNA-based research
Frontiers in Robotics and AI,Front. Robot. AI,Engineering & Technology,Robotics and artificial intelligence,Robotics; Autonomous systems; AI; Machine learning; Intelligent systems; Automation,3,Research Article; Review; Perspective,Yes,https://www.frontiersin.org/journals/robotics-and-ai,,2296-9144,Covers robotics AI and autonomous systems
Frontiers in Science,Front. Sci.,Engineering & Technology,Emerging and interdisciplinary science,Interdisciplinary; Innovation; Emerging science; Breakthrough research; Cross-disciplinary,,Research Article; Review; Perspective,Yes,https://www.frontiersin.org/journals/science,,,Publishes emerging and innovative interdisciplinary research
Frontiers in Sensors,Front. Sensors,Engineering & Technology,Sensor technology and detection systems,Sensors; Sensor technology; Detection; Measurement; Instrumentation; IoT,,Research Article; Review; Perspective,Yes,https://www.frontiersin.org/journals/sensors,,,Covers sensor technology and detection systems
Frontiers in Signal Processing,Front. Signal Process.,Engineering & Technology,Signal processing and communications,Signal processing; Digital signal processing; Communication; Image processing; Filtering,2.6,Research Article; Review; Methodology,Yes,https://www.frontiersin.org/journals/signal-processing,,2297-4725,Publishes signal processing and communications research
Frontiers in Sleep,Front. Sleep,Medicine & Health,Sleep science and sleep medicine,Sleep; Sleep disorders; Circadian rhythm; Sleep physiology; Sleep deprivation; Insomnia,,Research Article; Review; Case Report,Yes,https://www.frontiersin.org/journals/sleep,,,Covers sleep science and clinical sleep medicine
Frontiers in Smart Grids,Front. Smart Grids,Engineering & Technology,Smart grid and power systems,Smart grid; Power systems; Energy management; Electrical grid; Grid technology,,Research Article; Review; Perspective,Yes,https://www.frontiersin.org/journals/smart-grids,,,Publishes smart grid research and energy systems
Frontiers in Social Psychology,Front. Social Psychol.,Life Sciences,Social psychological research,Social psychology; Group behavior; Interpersonal behavior; Social processes; Attitudes,,Research Article; Review; Perspective,Yes,https://www.frontiersin.org/journals/social-psychology,,,Covers social psychological research
Frontiers in Sociology,Front. Sociol.,Social Sciences & Humanities,Sociology and social science,Sociology; Social structure; Social change; Social behavior; Society; Culture,2.2,Research Article; Review; Perspective,Yes,https://www.frontiersin.org/journals/sociology,,3223-5744,Publishes sociological research across subdisciplines
Frontiers in Soft Matter,Front. Soft Matter,Engineering & Technology,Soft matter physics and materials,Soft matter; Polymer science; Colloids; Complex fluids; Soft materials,,Research Article; Review; Perspective,Yes,https://www.frontiersin.org/journals/soft-matter,,,Covers soft matter research including polymers and colloids
Frontiers in Soil Science,Front. Soil Sci.,Life Sciences,Soil science and soil management,Soil science; Soil physics; Soil chemistry; Pedology; Soil quality; Soil ecology,3.7,Research Article; Review; Perspective,Yes,https://www.frontiersin.org/journals/soil-science,,2813-0936,Covers soil science research including soil properties and management
Frontiers in Space Technologies,Front. Space Technol.,Engineering & Technology,Space technology and systems,Space technology; Spacecraft; Launch systems; Orbital mechanics; Space infrastructure,1.3,Research Article; Review; Perspective,Yes,https://www.frontiersin.org/journals/space-technologies,,,Publishes space technology and systems research
Frontiers in Sports and Active Living,Front. Sports Active Living,Medicine & Health,Sports medicine and exercise science,Sports medicine; Exercise physiology; Athletic performance; Sports science; Physical activity,2.6,Research Article; Review; Perspective,Yes,https://www.frontiersin.org/journals/sports-and-active-living,,,Covers sports medicine and exercise science research
Frontiers in Stroke,Front. Stroke,Medicine & Health,Stroke research and neurological emergencies,Stroke; Cerebrovascular disease; Brain ischemia; Neurological emergency; Rehabilitation,,Research Article; Review; Case Report,Yes,https://www.frontiersin.org/journals/stroke,,,Publishes stroke research and cerebrovascular medicine
Frontiers in Surgery,Front. Surg.,Medicine & Health,Surgery and surgical research,Surgery; Surgical techniques; Operative procedures; Surgical outcomes; Trauma surgery,1.8,Research Article; Review; Case Report,Yes,https://www.frontiersin.org/journals/surgery,,2296-875X,Covers surgical research and clinical surgical advances
Frontiers in Sustainability,Front. Sustain.,Environment & Sustainability,Sustainability and environmental management,Sustainability; Environmental management; Sustainable development; Green practices,2.9,Research Article; Review; Perspective,Yes,https://www.frontiersin.org/journals/sustainability,,,Publishes sustainability research and environmental solutions
Frontiers in Sustainable Cities,Front. Sustain. Cities,Environment & Sustainability,Urban sustainability and smart cities,Urban planning; Smart cities; Sustainable urban; Urban resilience; City development,2.1,Research Article; Review; Perspective,Yes,https://www.frontiersin.org/journals/sustainable-cities,,,Covers sustainable urban development and smart cities
Frontiers in Sustainable Energy Policy,Front. Sustain. Energy Policy,Environment & Sustainability,Energy policy and renewable energy,Energy policy; Renewable energy; Energy transition; Sustainability policy,,Research Article; Review; Perspective,Yes,https://www.frontiersin.org/journals/sustainable-energy-policy,,,Publishes energy policy and renewable energy research
Frontiers in Sustainable Food Systems,Front. Sustain. Food Syst.,Environment & Sustainability,Food sustainability and security,Food security; Sustainable agriculture; Food systems; Nutrition security; Agricultural sustainability,3.1,Research Article; Review; Perspective,Yes,https://www.frontiersin.org/journals/sustainable-food-systems,,2590-0064,Covers food sustainability and secure food systems
Frontiers in Sustainable Resource Management,Front. Sustain. Resour. Manag.,Environment & Sustainability,Natural resource management,Resource management; Natural resources; Conservation; Forestry; Fisheries management,,Research Article; Review; Perspective,Yes,https://www.frontiersin.org/journals/sustainable-resource-management,,,Publishes sustainable management of natural resources
Frontiers in Sustainable Tourism,Front. Sustain. Tour.,Environment & Sustainability,Sustainable tourism development,Tourism; Sustainable tourism; Travel; Hospitality; Tourism development; Destination management,,Research Article; Review; Perspective,Yes,https://www.frontiersin.org/journals/sustainable-tourism,,,Covers sustainable tourism research and development
Frontiers in Synaptic Neuroscience,Front. Synaptic Neurosci.,Life Sciences,Synaptic biology and plasticity,Synaptic neuroscience; Synaptic plasticity; Neurotransmission; Synapse structure; Long-term potentiation,4.1,Research Article; Review; Perspective,Yes,https://www.frontiersin.org/journals/synaptic-neuroscience,,2674-0494,Covers synaptic biology and plasticity mechanisms
